infinitive,english,stem,level,is_separable,is_irregular,present_ik,present_jij,present_hij_zij,present_wij,present_jullie,present_zij,past_ik,past_jij,past_hij_zij,past_wij,past_jullie,past_zij,perfect_ik,perfect_jij,perfect_hij_zij,perfect_wij,perfect_jullie,perfect_zij
zijn,to be,ben,A1,false,true,ben,bent,is,zijn,zijn,zijn,was,was,was,waren,waren,waren,ben geweest,bent geweest,is geweest,zijn geweest,zijn geweest,zijn geweest
hebben,to have,heb,A1,false,true,heb,hebt,heeft,hebben,hebben,hebben,had,had,had,hadden,hadden,hadden,heb gehad,hebt gehad,heeft gehad,hebben gehad,hebben gehad,hebben gehad
gaan,to go,ga,A1,false,true,ga,gaat,gaat,gaan,gaan,gaan,ging,ging,ging,gingen,gingen,gingen,ben gegaan,bent gegaan,is gegaan,zijn gegaan,zijn gegaan,zijn gegaan
komen,to come,kom,A1,false,true,kom,komt,komt,komen,komen,komen,kwam,kwam,kwam,kwamen,kwamen,kwamen,ben gekomen,bent gekomen,is gekomen,zijn gekomen,zijn gekomen,zijn gekomen
werken,to work,werk,A1,false,false,werk,werkt,werkt,werken,werken,werken,werkte,werkte,werkte,werkten,werkten,werkten,heb gewerkt,hebt gewerkt,heeft gewerkt,hebben gewerkt,hebben gewerkt,hebben gewerkt
wonen,to live,woon,A1,false,false,woon,woont,woont,wonen,wonen,wonen,woonde,woonde,woonde,woonden,woonden,woonden,heb gewoond,hebt gewoond,heeft gewoond,hebben gewoond,hebben gewoond,hebben gewoond
eten,to eat,eet,A1,false,true,eet,eet,eet,eten,eten,eten,at,at,at,aten,aten,aten,heb gegeten,hebt gegeten,heeft gegeten,hebben gegeten,hebben gegeten,hebben gegeten
drinken,to drink,drink,A1,false,true,drink,drinkt,drinkt,drinken,drinken,drinken,dronk,dronk,dronk,dronken,dronken,dronken,heb gedronken,hebt gedronken,heeft gedronken,hebben gedronken,hebben gedronken,hebben gedronken
slapen,to sleep,slaap,A1,false,true,slaap,slaapt,slaapt,slapen,slapen,slapen,sliep,sliep,sliep,sliepen,sliepen,sliepen,heb geslapen,hebt geslapen,heeft geslapen,hebben geslapen,hebben geslapen,hebben geslapen
lopen,to walk,loop,A1,false,true,loop,loopt,loopt,lopen,lopen,lopen,liep,liep,liep,liepen,liepen,liepen,heb gelopen,hebt gelopen,heeft gelopen,hebben gelopen,hebben gelopen,hebben gelopen
spelen,to play,speel,A1,false,false,speel,speelt,speelt,spelen,spelen,spelen,speelde,speelde,speelde,speelden,speelden,speelden,heb gespeeld,hebt gespeeld,heeft gespeeld,hebben gespeeld,hebben gespeeld,hebben gespeeld
kijken,to look,kijk,A1,false,true,kijk,kijkt,kijkt,kijken,kijken,kijken,keek,keek,keek,keken,keken,keken,heb gekeken,hebt gekeken,heeft gekeken,hebben gekeken,hebben gekeken,hebben gekeken
praten,to talk,praat,A1,false,false,praat,praat,praat,praten,praten,praten,praatte,praatte,praatte,praatten,praatten,praatten,heb gepraat,hebt gepraat,heeft gepraat,hebben gepraat,hebben gepraat,hebben gepraat
horen,to hear,hoor,A1,false,false,hoor,hoort,hoort,horen,horen,horen,hoorde,hoorde,hoorde,hoorden,hoorden,hoorden,heb gehoord,hebt gehoord,heeft gehoord,hebben gehoord,hebben gehoord,hebben gehoord
zien,to see,zie,A1,false,true,zie,ziet,ziet,zien,zien,zien,zag,zag,zag,zagen,zagen,zagen,heb gezien,hebt gezien,heeft gezien,hebben gezien,hebben gezien,hebben gezien
doen,to do,doe,A1,false,true,doe,doet,doet,doen,doen,doen,deed,deed,deed,deden,deden,deden,heb gedaan,hebt gedaan,heeft gedaan,hebben gedaan,hebben gedaan,hebben gedaan
maken,to make,maak,A1,false,false,maak,maakt,maakt,maken,maken,maken,maakte,maakte,maakte,maakten,maakten,maakten,heb gemaakt,hebt gemaakt,heeft gemaakt,hebben gemaakt,hebben gemaakt,hebben gemaakt
zeggen,to say,zeg,A1,false,true,zeg,zegt,zegt,zeggen,zeggen,zeggen,zei,zei,zei,zeiden,zeiden,zeiden,heb gezegd,hebt gezegd,heeft gezegd,hebben gezegd,hebben gezegd,hebben gezegd
leren,to learn,leer,A1,false,false,leer,leert,leert,leren,leren,leren,leerde,leerde,leerde,leerden,leerden,leerden,heb geleerd,hebt geleerd,heeft geleerd,hebben geleerd,hebben geleerd,hebben geleerd
koken,to cook,kook,A1,false,false,kook,kookt,kookt,koken,koken,koken,kookte,kookte,kookte,kookten,kookten,kookten,heb gekookt,hebt gekookt,heeft gekookt,hebben gekookt,hebben gekookt,hebben gekookt
werken,to work,werk,A1,false,false,werk,werkt,werkt,werken,werken,werken,werkte,werkte,werkte,werkten,werkten,werkten,heb gewerkt,hebt gewerkt,heeft gewerkt,hebben gewerkt,hebben gewerkt,hebben gewerkt
openen,to open,open,A1,false,false,open,opent,opent,openen,openen,openen,opende,opende,opende,openden,openden,openden,heb geopend,hebt geopend,heeft geopend,hebben geopend,hebben geopend,hebben geopend
sluiten,to close,sluit,A1,false,true,sluit,sluit,sluit,sluiten,sluiten,sluiten,sloot,sloot,sloot,sloten,sloten,sloten,heb gesloten,hebt gesloten,heeft gesloten,hebben gesloten,hebben gesloten,hebben gesloten
wandelen,to stroll,wandel,A1,false,false,wandel,wandelt,wandelt,wandelen,wandelen,wandelen,wandelde,wandelde,wandelde,wandelden,wandelden,wandelden,heb gewandeld,hebt gewandeld,heeft gewandeld,hebben gewandeld,hebben gewandeld,hebben gewandeld
fietsen,to cycle,fiets,A1,false,false,fiets,fietst,fietst,fietsen,fietsen,fietsen,fietste,fietste,fietste,fietsten,fietsten,fietsten,heb gefietst,hebt gefietst,heeft gefietst,hebben gefietst,hebben gefietst,hebben gefietst
zwemmen,to swim,zwem,A1,false,true,zwem,zwemt,zwemt,zwemmen,zwemmen,zwemmen,zwom,zwom,zwom,zwommen,zwommen,zwommen,heb gezwommen,hebt gezwommen,heeft gezwommen,hebben gezwommen,hebben gezwommen,hebben gezwommen
luisteren,to listen,luister,A1,false,false,luister,luistert,luistert,luisteren,luisteren,luisteren,luisterde,luisterde,luisterde,luisterden,luisterden,luisterden,heb geluisterd,hebt geluisterd,heeft geluisterd,hebben geluisterd,hebben geluisterd,hebben geluisterd
kijken,to watch,kijk,A1,false,true,kijk,kijkt,kijkt,kijken,kijken,kijken,keek,keek,keek,keken,keken,keken,heb gekeken,hebt gekeken,heeft gekeken,hebben gekeken,hebben gekeken,hebben gekeken
beloven,to promise,beloof,A1,false,false,beloof,belooft,belooft,beloven,beloven,beloven,beloofde,beloofde,beloofde,beloofden,beloofden,beloofden,heb beloofd,hebt beloofd,heeft beloofd,hebben beloofd,hebben beloofd,hebben beloofd
vragen,to ask,vraag,A1,false,true,vraag,vraagt,vraagt,vragen,vragen,vragen,vroeg,vroeg,vroeg,vroegen,vroegen,vroegen,heb gevraagd,hebt gevraagd,heeft gevraagd,hebben gevraagd,hebben gevraagd,hebben gevraagd
antwoorden,to answer,antwoord,A1,false,false,antwoord,antwoordt,antwoordt,antwoorden,antwoorden,antwoorden,antwoordde,antwoordde,antwoordde,antwoordden,antwoordden,antwoordden,heb geantwoord,hebt geantwoord,heeft geantwoord,hebben geantwoord,hebben geantwoord,hebben geantwoord
schrijven,to write,schrijf,A1,false,true,schrijf,schrijft,schrijft,schrijven,schrijven,schrijven,schreef,schreef,schreef,schreven,schreven,schreven,heb geschreven,hebt geschreven,heeft geschreven,hebben geschreven,hebben geschreven,hebben geschreven
lezen,to read,lees,A1,false,true,lees,leest,leest,lezen,lezen,lezen,las,las,las,lazen,lazen,lazen,heb gelezen,hebt gelezen,heeft gelezen,hebben gelezen,hebben gelezen,hebben gelezen
studeren,to study,studeer,A1,false,false,studeer,studeert,studeert,studeren,studeren,studeren,studeerde,studeerde,studeerde,studeerden,studeerden,studeerden,heb gestudeerd,hebt gestudeerd,heeft gestudeerd,hebben gestudeerd,hebben gestudeerd,hebben gestudeerd
reizen,to travel,reis,A1,false,false,reis,reist,reist,reizen,reizen,reizen,reisde,reisde,reisde,reisden,reisden,reisden,heb gereisd,hebt gereisd,heeft gereisd,hebben gereisd,hebben gereisd,hebben gereisd
kopen,to buy,koop,A1,false,true,koop,koopt,koopt,kopen,kopen,kopen,kocht,kocht,kocht,kochten,kochten,kochten,heb gekocht,hebt gekocht,heeft gekocht,hebben gekocht,hebben gekocht,hebben gekocht
verkopen,to sell,verkoop,A1,false,true,verkoop,verkoopt,verkoopt,verkopen,verkopen,verkopen,verkocht,verkocht,verkocht,verkochten,verkochten,verkochten,heb verkocht,hebt verkocht,heeft verkocht,hebben verkocht,hebben verkocht,hebben verkocht
werken,to work,werk,A1,false,false,werk,werkt,werkt,werken,werken,werken,werkte,werkte,werkte,werkten,werkten,werkten,heb gewerkt,hebt gewerkt,heeft gewerkt,hebben gewerkt,hebben gewerkt,hebben gewerkt
spelen,to play,speel,A1,false,false,speel,speelt,speelt,spelen,spelen,spelen,speelde,speelde,speelde,speelden,speelden,speelden,heb gespeeld,hebt gespeeld,heeft gespeeld,hebben gespeeld,hebben gespeeld,hebben gespeeld
leren,to learn,leer,A1,false,false,leer,leert,leert,leren,leren,leren,leerde,leerde,leerde,leerden,leerden,leerden,heb geleerd,hebt geleerd,heeft geleerd,hebben geleerd,hebben geleerd,hebben geleerd
beginnen,to begin,begin,A2,false,true,begin,begint,begint,beginnen,beginnen,beginnen,begon,begon,begon,begonnen,begonnen,begonnen,ben begonnen,bent begonnen,is begonnen,zijn begonnen,zijn begonnen,zijn begonnen
vergeten,to forget,vergeet,A2,false,true,vergeet,vergeet,vergeet,vergeten,vergeten,vergeten,vergat,vergat,vergat,vergaten,vergaten,vergaten,ben vergeten,bent vergeten,is vergeten,zijn vergeten,zijn vergeten,zijn vergeten
ontmoeten,to meet,ontmoet,A2,false,false,ontmoet,ontmoet,ontmoet,ontmoeten,ontmoeten,ontmoeten,ontmoette,ontmoette,ontmoette,ontmoetten,ontmoetten,ontmoetten,heb ontmoet,hebt ontmoet,heeft ontmoet,hebben ontmoet,hebben ontmoet,hebben ontmoet
verkopen,to sell,verkoop,A2,false,true,verkoop,verkoopt,verkoopt,verkopen,verkopen,verkopen,verkocht,verkocht,verkocht,verkochten,verkochten,verkochten,heb verkocht,hebt verkocht,heeft verkocht,hebben verkocht,hebben verkocht,hebben verkocht
kopen,to buy,koop,A2,false,true,koop,koopt,koopt,kopen,kopen,kopen,kocht,kocht,kocht,kochten,kochten,kochten,heb gekocht,hebt gekocht,heeft gekocht,hebben gekocht,hebben gekocht,hebben gekocht
vertellen,to tell,vertel,A2,false,false,vertel,vertelt,vertelt,vertellen,vertellen,vertellen,vertelde,vertelde,vertelde,vertelden,vertelden,vertelden,heb verteld,hebt verteld,heeft verteld,hebben verteld,hebben verteld,hebben verteld
begrijpen,to understand,begrijp,A2,false,true,begrijp,begrijpt,begrijpt,begrijpen,begrijpen,begrijpen,begreep,begreep,begreep,begrepen,begrepen,begrepen,heb begrepen,hebt begrepen,heeft begrepen,hebben begrepen,hebben begrepen,hebben begrepen
geloven,to believe,geloof,A2,false,true,geloof,gelooft,gelooft,geloven,geloven,geloven,geloofde,geloofde,geloofde,geloofden,geloofden,geloofden,heb geloofd,hebt geloofd,heeft geloofd,hebben geloofd,hebben geloofd,hebben geloofd
verliezen,to lose,verlies,A2,false,true,verlies,verliest,verliest,verliezen,verliezen,verliezen,verloor,verloor,verloor,verloren,verloren,verloren,heb verloren,hebt verloren,heeft verloren,hebben verloren,hebben verloren,hebben verloren
winnen,to win,win,A2,false,true,win,wint,wint,winnen,winnen,winnen,won,won,won,wonnen,wonnen,wonnen,heb gewonnen,hebt gewonnen,heeft gewonnen,hebben gewonnen,hebben gewonnen,hebben gewonnen
kiezen,to choose,kies,A2,false,true,kies,kiest,kiest,kiezen,kiezen,kiezen,koos,koos,koos,kozen,kozen,kozen,heb gekozen,hebt gekozen,heeft gekozen,hebben gekozen,hebben gekozen,hebben gekozen
beslissen,to decide,beslis,A2,false,false,beslis,beslist,beslist,beslissen,beslissen,beslissen,besliste,besliste,besliste,beslisten,beslisten,beslisten,heb beslist,hebt beslist,heeft beslist,hebben beslist,hebben beslist,hebben beslist
proberen,to try,probeer,A2,false,false,probeer,probeert,probeert,proberen,proberen,proberen,probeerde,probeerde,probeerde,probeerden,probeerden,probeerden,heb geprobeerd,hebt geprobeerd,heeft geprobeerd,hebben geprobeerd,hebben geprobeerd,hebben geprobeerd
stoppen,to stop,stop,A2,false,false,stop,stopt,stopt,stoppen,stoppen,stoppen,stopte,stopte,stopte,stopten,stopten,stopten,ben gestopt,bent gestopt,is gestopt,zijn gestopt,zijn gestopt,zijn gestopt
veranderen,to change,verander,A2,false,false,verander,verandert,verandert,veranderen,veranderen,veranderen,veranderde,veranderde,veranderde,veranderden,veranderden,veranderden,ben veranderd,bent veranderd,is veranderd,zijn veranderd,zijn veranderd,zijn veranderd
gebeuren,to happen,gebeur,A2,false,false,gebeur,gebeurt,gebeurt,gebeuren,gebeuren,gebeuren,gebeurde,gebeurde,gebeurde,gebeurden,gebeurden,gebeurden,ben gebeurd,bent gebeurd,is gebeurd,zijn gebeurd,zijn gebeurd,zijn gebeurd
betekenen,to mean,beteken,A2,false,false,beteken,betekent,betekent,betekenen,betekenen,betekenen,betekende,betekende,betekende,betekenden,betekenden,betekenden,heb betekend,hebt betekend,heeft betekend,hebben betekend,hebben betekend,hebben betekend
voelen,to feel,voel,A2,false,false,voel,voelt,voelt,voelen,voelen,voelen,voelde,voelde,voelde,voelden,voelden,voelden,heb gevoeld,hebt gevoeld,heeft gevoeld,hebben gevoeld,hebben gevoeld,hebben gevoeld
horen,to hear,hoor,A2,false,false,hoor,hoort,hoort,horen,horen,horen,hoorde,hoorde,hoorde,hoorden,hoorden,hoorden,heb gehoord,hebt gehoord,heeft gehoord,hebben gehoord,hebben gehoord,hebben gehoord
ruiken,to smell,ruik,A2,false,true,ruik,ruikt,ruikt,ruiken,ruiken,ruiken,rook,rook,rook,roken,roken,roken,heb geroken,hebt geroken,heeft geroken,hebben geroken,hebben geroken,hebben geroken
proeven,to taste,proef,A2,false,true,proef,proeft,proeft,proeven,proeven,proeven,proefde,proefde,proefde,proefden,proefden,proefden,heb geproefd,hebt geproefd,heeft geproefd,hebben geproefd,hebben geproefd,hebben geproefd
ontdekken,to discover,ontdek,B1,false,false,ontdek,ontdekt,ontdekt,ontdekken,ontdekken,ontdekken,ontdekte,ontdekte,ontdekte,ontdekten,ontdekten,ontdekten,heb ontdekt,hebt ontdekt,heeft ontdekt,hebben ontdekt,hebben ontdekt,hebben ontdekt
bereiken,to reach,bereik,B1,false,false,bereik,bereikt,bereikt,bereiken,bereiken,bereiken,bereikte,bereikte,bereikte,bereikten,bereikten,bereikten,heb bereikt,hebt bereikt,heeft bereikt,hebben bereikt,hebben bereikt,hebben bereikt
bezoeken,to visit,bezoek,B1,false,true,bezoek,bezoekt,bezoekt,bezoeken,bezoeken,bezoeken,bezocht,bezocht,bezocht,bezochten,bezochten,bezochten,heb bezocht,hebt bezocht,heeft bezocht,hebben bezocht,hebben bezocht,hebben bezocht
verbeteren,to improve,verbeter,B1,false,false,verbeter,verbetert,verbetert,verbeteren,verbeteren,verbeteren,verbeterde,verbeterde,verbeterde,verbeterden,verbeterden,verbeterden,heb verbeterd,hebt verbeterd,heeft verbeterd,hebben verbeterd,hebben verbeterd,hebben verbeterd
organiseren,to organize,organiseer,B1,false,false,organiseer,organiseert,organiseert,organiseren,organiseren,organiseren,organiseerde,organiseerde,organiseerde,organiseerden,organiseerden,organiseerden,heb georganiseerd,hebt georganiseerd,heeft georganiseerd,hebben georganiseerd,hebben georganiseerd,hebben georganiseerd
plannen,to plan,plan,B1,false,false,plan,plant,plant,plannen,plannen,plannen,plande,plande,plande,planden,planden,planden,heb gepland,hebt gepland,heeft gepland,hebben gepland,hebben gepland,hebben gepland
voorstellen,to propose,stel voor,B1,true,false,stel voor,stelt voor,stelt voor,stellen voor,stellen voor,stellen voor,stelde voor,stelde voor,stelde voor,stelden voor,stelden voor,stelden voor,heb voorgesteld,hebt voorgesteld,heeft voorgesteld,hebben voorgesteld,hebben voorgesteld,hebben voorgesteld
aanbevelen,to recommend,beveel aan,B1,true,true,beveel aan,beveelt aan,beveelt aan,bevelen aan,bevelen aan,bevelen aan,beval aan,beval aan,beval aan,bevalen aan,bevalen aan,bevalen aan,heb aanbevolen,hebt aanbevolen,heeft aanbevolen,hebben aanbevolen,hebben aanbevolen,hebben aanbevolen
waarschuwen,to warn,waarschuw,B1,false,false,waarschuw,waarschuwt,waarschuwt,waarschuwen,waarschuwen,waarschuwen,waarschuwde,waarschuwde,waarschuwde,waarschuwden,waarschuwden,waarschuwden,heb gewaarschuwd,hebt gewaarschuwd,heeft gewaarschuwd,hebben gewaarschuwd,hebben gewaarschuwd,hebben gewaarschuwd
beschermen,to protect,bescherm,B1,false,false,bescherm,beschermt,beschermt,beschermen,beschermen,beschermen,beschermde,beschermde,beschermde,beschermden,beschermden,beschermden,heb beschermd,hebt beschermd,heeft beschermd,hebben beschermd,hebben beschermd,hebben beschermd
onderzoeken,to investigate,onderzoek,B1,false,true,onderzoek,onderzoekt,onderzoekt,onderzoeken,onderzoeken,onderzoeken,onderzocht,onderzocht,onderzocht,onderzochten,onderzochten,onderzochten,heb onderzocht,hebt onderzocht,heeft onderzocht,hebben onderzocht,hebben onderzocht,hebben onderzocht
bewijzen,to prove,bewijs,B1,false,true,bewijs,bewijst,bewijst,bewijzen,bewijzen,bewijzen,bewees,bewees,bewees,bewezen,bewezen,bewezen,heb bewezen,hebt bewezen,heeft bewezen,hebben bewezen,hebben bewezen,hebben bewezen
bevestigen,to confirm,bevestig,B1,false,false,bevestig,bevestigt,bevestigt,bevestigen,bevestigen,bevestigen,bevestigde,bevestigde,bevestigde,bevestigden,bevestigden,bevestigden,heb bevestigd,hebt bevestigd,heeft bevestigd,hebben bevestigd,hebben bevestigd,hebben bevestigd
weigeren,to refuse,weiger,B1,false,false,weiger,weigert,weigert,weigeren,weigeren,weigeren,weigerde,weigerde,weigerde,weigerden,weigerden,weigerden,heb geweigerd,hebt geweigerd,heeft geweigerd,hebben geweigerd,hebben geweigerd,hebben geweigerd
toestaan,to allow,sta toe,B1,true,true,sta toe,staat toe,staat toe,staan toe,staan toe,staan toe,stond toe,stond toe,stond toe,stonden toe,stonden toe,stonden toe,heb toegestaan,hebt toegestaan,heeft toegestaan,hebben toegestaan,hebben toegestaan,hebben toegestaan
verdedigen,to defend,verdedig,B1,false,false,verdedig,verdedigt,verdedigt,verdedigen,verdedigen,verdedigen,verdedigde,verdedigde,verdedigde,verdedigden,verdedigden,verdedigden,heb verdedigd,hebt verdedigd,heeft verdedigd,hebben verdedigd,hebben verdedigd,hebben verdedigd
verminderen,to reduce,verminder,B1,false,false,verminder,vermindert,vermindert,verminderen,verminderen,verminderen,verminderde,verminderde,verminderde,verminderden,verminderden,verminderden,heb verminderd,hebt verminderd,heeft verminderd,hebben verminderd,hebben verminderd,hebben verminderd
verhogen,to increase,verhoog,B1,false,false,verhoog,verhoogt,verhoogt,verhogen,verhogen,verhogen,verhoogde,verhoogde,verhoogde,verhoogden,verhoogden,verhoogden,heb verhoogd,hebt verhoogd,heeft verhoogd,hebben verhoogd,hebben verhoogd,hebben verhoogd
aanvallen,to attack,val aan,B1,true,true,val aan,valt aan,valt aan,vallen aan,vallen aan,vallen aan,viel aan,viel aan,viel aan,vielen aan,vielen aan,vielen aan,heb aangevallen,hebt aangevallen,heeft aangevallen,hebben aangevallen,hebben aangevallen,hebben aangevallen
ontkennen,to deny,ontken,B1,false,false,ontken,ontkent,ontkent,ontkennen,ontkennen,ontkennen,ontkende,ontkende,ontkende,ontkenden,ontkenden,ontkenden,heb ontkend,hebt ontkend,heeft ontkend,hebben ontkend,hebben ontkend,hebben ontkend
analyseren,to analyze,analyseer,B2,false,false,analyseer,analyseert,analyseert,analyseren,analyseren,analyseren,analyseerde,analyseerde,analyseerde,analyseerden,analyseerden,analyseerden,heb geanalyseerd,hebt geanalyseerd,heeft geanalyseerd,hebben geanalyseerd,hebben geanalyseerd,hebben geanalyseerd
beoordelen,to evaluate,beoordeel,B2,false,false,beoordeel,beoordeelt,beoordeelt,beoordelen,beoordelen,beoordelen,beoordeelde,beoordeelde,beoordeelde,beoordeelden,beoordeelden,beoordeelden,heb beoordeeld,hebt beoordeeld,heeft beoordeeld,hebben beoordeeld,hebben beoordeeld,hebben beoordeeld
ontwikkelen,to develop,ontwikkel,B2,false,false,ontwikkel,ontwikkelt,ontwikkelt,ontwikkelen,ontwikkelen,ontwikkelen,ontwikkelde,ontwikkelde,ontwikkelde,ontwikkelden,ontwikkelden,ontwikkelden,heb ontwikkeld,hebt ontwikkeld,heeft ontwikkeld,hebben ontwikkeld,hebben ontwikkeld,hebben ontwikkeld
fascineren,to fascinate,fascineer,B2,false,false,fascineer,fascineert,fascineert,fascineren,fascineren,fascineren,fascineerde,fascineerde,fascineerde,fascineerden,fascineerden,fascineerden,heb gefascineerd,hebt gefascineerd,heeft gefascineerd,hebben gefascineerd,hebben gefascineerd,hebben gefascineerd
realiseren,to realize,realiseer,B2,false,false,realiseer,realiseert,realiseert,realiseren,realiseren,realiseren,realiseerde,realiseerde,realiseerde,realiseerden,realiseerden,realiseerden,heb gerealiseerd,hebt gerealiseerd,heeft gerealiseerd,hebben gerealiseerd,hebben gerealiseerd,hebben gerealiseerd
beheersen,to master,beheers,B2,false,false,beheers,beheerst,beheerst,beheersen,beheersen,beheersen,beheerste,beheerste,beheerste,beheersten,beheersten,beheersten,heb beheerst,hebt beheerst,heeft beheerst,hebben beheerst,hebben beheerst,hebben beheerst
inspireren,to inspire,inspireer,B2,false,false,inspireer,inspireert,inspireert,inspireren,inspireren,inspireren,inspireerde,inspireerde,inspireerde,inspireerden,inspireerden,inspireerden,heb geïnspireerd,hebt geïnspireerd,heeft geïnspireerd,hebben geïnspireerd,hebben geïnspireerd,hebben geïnspireerd
frustreren,to frustrate,frustreer,B2,false,false,frustreer,frustreert,frustreert,frustreren,frustreren,frustreren,frustreerde,frustreerde,frustreerde,frustreerden,frustreerden,frustreerden,heb gefrustreerd,hebt gefrustreerd,heeft gefrustreerd,hebben gefrustreerd,hebben gefrustreerd,hebben gefrustreerd
afgaan,to go off,ga af,B1,true,true,ga af,gaat af,gaat af,gaan af,gaan af,gaan af,ging af,ging af,ging af,gingen af,gingen af,gingen af,ben afgegaan,bent afgegaan,is afgegaan,zijn afgegaan,zijn afgegaan,zijn afgegaan
aankomen,to arrive,kom aan,A2,true,true,kom aan,komt aan,komt aan,komen aan,komen aan,komen aan,kwam aan,kwam aan,kwam aan,kwamen aan,kwamen aan,kwamen aan,ben aangekomen,bent aangekomen,is aangekomen,zijn aangekomen,zijn aangekomen,zijn aangekomen
bijdragen,to contribute,draag bij,B2,true,true,draag bij,draagt bij,draagt bij,dragen bij,dragen bij,dragen bij,droeg bij,droeg bij,droeg bij,droegen bij,droegen bij,droegen bij,heb bijgedragen,hebt bijgedragen,heeft bijgedragen,hebben bijgedragen,hebben bijgedragen,hebben bijgedragen
instappen,to get in/board,stap in,A2,true,false,stap in,stapt in,stapt in,stappen in,stappen in,stappen in,stapte in,stapte in,stapte in,stapten in,stapten in,stapten in,ben ingestapt,bent ingestapt,is ingestapt,zijn ingestapt,zijn ingestapt,zijn ingestapt
meenemen,to take along,neem mee,A2,true,true,neem mee,neemt mee,neemt mee,nemen mee,nemen mee,nemen mee,nam mee,nam mee,nam mee,namen mee,namen mee,namen mee,heb meegenomen,hebt meegenomen,heeft meegenomen,hebben meegenomen,hebben meegenomen,hebben meegenomen
nagaan,to check/verify,ga na,B1,true,true,ga na,gaat na,gaat na,gaan na,gaan na,gaan na,ging na,ging na,ging na,gingen na,gingen na,gingen na,ben nagegaan,bent nagegaan,is nagegaan,zijn nagegaan,zijn nagegaan,zijn nagegaan
omgaan,to deal with,ga om,B1,true,true,ga om,gaat om,gaat om,gaan om,gaan om,gaan om,ging om,ging om,ging om,gingen om,gingen om,gingen om,ben omgegaan,bent omgegaan,is omgegaan,zijn omgegaan,zijn omgegaan,zijn omgegaan
opkomen,to come up,kom op,B1,true,true,kom op,komt op,komt op,komen op,komen op,komen op,kwam op,kwam op,kwam op,kwamen op,kwamen op,kwamen op,ben opgekomen,bent opgekomen,is opgekomen,zijn opgekomen,zijn opgekomen,zijn opgekomen
opstaan,to get up,sta op,A2,true,true,sta op,staat op,staat op,staan op,staan op,staan op,stond op,stond op,stond op,stonden op,stonden op,stonden op,ben opgestaan,bent opgestaan,is opgestaan,zijn opgestaan,zijn opgestaan,zijn opgestaan
uitkomen,to come out,kom uit,A2,true,true,kom uit,komt uit,komt uit,komen uit,komen uit,komen uit,kwam uit,kwam uit,kwam uit,kwamen uit,kwamen uit,kwamen uit,ben uitgekomen,bent uitgekomen,is uitgekomen,zijn uitgekomen,zijn uitgekomen,zijn uitgekomen
uitgaan,to go out,ga uit,A2,true,true,ga uit,gaat uit,gaat uit,gaan uit,gaan uit,gaan uit,ging uit,ging uit,ging uit,gingen uit,gingen uit,gingen uit,ben uitgegaan,bent uitgegaan,is uitgegaan,zijn uitgegaan,zijn uitgegaan,zijn uitgegaan
weggaan,to go away,ga weg,A2,true,true,ga weg,gaat weg,gaat weg,gaan weg,gaan weg,gaan weg,ging weg,ging weg,ging weg,gingen weg,gingen weg,gingen weg,ben weggegaan,bent weggegaan,is weggegaan,zijn weggegaan,zijn weggegaan,zijn weggegaan
afmaken,to finish,maak af,B1,true,false,maak af,maakt af,maakt af,maken af,maken af,maken af,maakte af,maakte af,maakte af,maakten af,maakten af,maakten af,heb afgemaakt,hebt afgemaakt,heeft afgemaakt,hebben afgemaakt,hebben afgemaakt,hebben afgemaakt
aanbieden,to offer,bied aan,B1,true,true,bied aan,biedt aan,biedt aan,bieden aan,bieden aan,bieden aan,bood aan,bood aan,bood aan,boden aan,boden aan,boden aan,heb aangeboden,hebt aangeboden,heeft aangeboden,hebben aangeboden,hebben aangeboden,hebben aangeboden
bijwonen,to attend,woon bij,B1,true,false,woon bij,woont bij,woont bij,wonen bij,wonen bij,wonen bij,woonde bij,woonde bij,woonde bij,woonden bij,woonden bij,woonden bij,heb bijgewoond,hebt bijgewoond,heeft bijgewoond,hebben bijgewoond,hebben bijgewoond,hebben bijgewoond
meemaken,to experience,maak mee,B1,true,false,maak mee,maakt mee,maakt mee,maken mee,maken mee,maken mee,maakte mee,maakte mee,maakte mee,maakten mee,maakten mee,maakten mee,heb meegemaakt,hebt meegemaakt,heeft meegemaakt,hebben meegemaakt,hebben meegemaakt,hebben meegemaakt
nakijken,to check/correct,kijk na,B1,true,true,kijk na,kijkt na,kijkt na,kijken na,kijken na,kijken na,keek na,keek na,keek na,keken na,keken na,keken na,heb nagekeken,hebt nagekeken,heeft nagekeken,hebben nagekeken,hebben nagekeken,hebben nagekeken
omkeren,to turn around,keer om,B1,true,false,keer om,keert om,keert om,keren om,keren om,keren om,keerde om,keerde om,keerde om,keerden om,keerden om,keerden om,ben omgekeerd,bent omgekeerd,is omgekeerd,zijn omgekeerd,zijn omgekeerd,zijn omgekeerd
openen,to open,open,A2,false,false,open,opent,opent,openen,openen,openen,opende,opende,opende,openden,openden,openden,heb geopend,hebt geopend,heeft geopend,hebben geopend,hebben geopend,hebben geopend
oversteken,to cross,steek over,B1,true,true,steek over,steekt over,steekt over,steken over,steken over,steken over,stak over,stak over,stak over,staken over,staken over,staken over,ben overgestoken,bent overgestoken,is overgestoken,zijn overgestoken,zijn overgestoken,zijn overgestoken
terugkomen,to come back,kom terug,A2,true,true,kom terug,komt terug,komt terug,komen terug,komen terug,komen terug,kwam terug,kwam terug,kwam terug,kwamen terug,kwamen terug,kwamen terug,ben teruggekomen,bent teruggekomen,is teruggekomen,zijn teruggekomen,zijn teruggekomen,zijn teruggekomen
toevoegen,to add,voeg toe,B1,true,false,voeg toe,voegt toe,voegt toe,voegen toe,voegen toe,voegen toe,voegde toe,voegde toe,voegde toe,voegden toe,voegden toe,voegden toe,heb toegevoegd,hebt toegevoegd,heeft toegevoegd,hebben toegevoegd,hebben toegevoegd,hebben toegevoegd
uitleggen,to explain,leg uit,B1,true,false,leg uit,legt uit,legt uit,leggen uit,leggen uit,leggen uit,legde uit,legde uit,legde uit,legden uit,legden uit,legden uit,heb uitgelegd,hebt uitgelegd,heeft uitgelegd,hebben uitgelegd,hebben uitgelegd,hebben uitgelegd
voordoen,to occur/happen,doe voor,B1,true,true,doe voor,doet voor,doet voor,doen voor,doen voor,doen voor,deed voor,deed voor,deed voor,deden voor,deden voor,deden voor,heb voorgedaan,hebt voorgedaan,heeft voorgedaan,hebben voorgedaan,hebben voorgedaan,hebben voorgedaan
wegzetten,to put away,zet weg,B1,true,false,zet weg,zet weg,zet weg,zetten weg,zetten weg,zetten weg,zette weg,zette weg,zette weg,zetten weg,zetten weg,zetten weg,heb weggezet,hebt weggezet,heeft weggezet,hebben weggezet,hebben weggezet,hebben weggezet
afsluiten,to close/finish,sluit af,B1,true,true,sluit af,sluit af,sluit af,sluiten af,sluiten af,sluiten af,sloot af,sloot af,sloot af,sloten af,sloten af,sloten af,heb afgesloten,hebt afgesloten,heeft afgesloten,hebben afgesloten,hebben afgesloten,hebben afgesloten
doorgaan,to continue,ga door,B1,true,true,ga door,gaat door,gaat door,gaan door,gaan door,gaan door,ging door,ging door,ging door,gingen door,gingen door,gingen door,ben doorgegaan,bent doorgegaan,is doorgegaan,zijn doorgegaan,zijn doorgegaan,zijn doorgegaan
opzetten,to set up,zet op,B2,true,false,zet op,zet op,zet op,zetten op,zetten op,zetten op,zette op,zette op,zette op,zetten op,zetten op,zetten op,heb opgezet,hebt opgezet,heeft opgezet,hebben opgezet,hebben opgezet,hebben opgezet
uitvallen,to fall out/fail,val uit,B2,true,true,val uit,valt uit,valt uit,vallen uit,vallen uit,vallen uit,viel uit,viel uit,viel uit,vielen uit,vielen uit,vielen uit,ben uitgevallen,bent uitgevallen,is uitgevallen,zijn uitgevallen,zijn uitgevallen,zijn uitgevallen
aanpassen,to adapt/adjust,pas aan,B2,true,false,pas aan,past aan,past aan,passen aan,passen aan,passen aan,paste aan,paste aan,paste aan,pasten aan,pasten aan,pasten aan,heb aangepast,hebt aangepast,heeft aangepast,hebben aangepast,hebben aangepast,hebben aangepast
dansen,to dance,dans,A1,false,false,dans,danst,danst,dansen,dansen,dansen,danste,danste,danste,dansten,dansten,dansten,heb gedanst,hebt gedanst,heeft gedanst,hebben gedanst,hebben gedanst,hebben gedanst
zingen,to sing,zing,A1,false,true,zing,zingt,zingt,zingen,zingen,zingen,zong,zong,zong,zongen,zongen,zongen,heb gezongen,hebt gezongen,heeft gezongen,hebben gezongen,hebben gezongen,hebben gezongen
uitnodigen,to invite,nodig uit,A2,true,false,nodig uit,nodigt uit,nodigt uit,nodigen uit,nodigen uit,nodigen uit,nodigde uit,nodigde uit,nodigde uit,nodigden uit,nodigden uit,nodigden uit,heb uitgenodigd,hebt uitgenodigd,heeft uitgenodigd,hebben uitgenodigd,hebben uitgenodigd,hebben uitgenodigd